DateTime,Year,Month,Day,Time (LST),Temp (°C),Precip. Amount (mm),Date,Hour,Transit_Count
2024-12-01 00:00:00,2024,12,1,00:00,-6.1,0.0,2024-12-01,0,0
2024-12-01 01:00:00,2024,12,1,01:00,-5.4,0.0,2024-12-01,1,0
2024-12-01 02:00:00,2024,12,1,02:00,-5.2,0.0,2024-12-01,2,0
2024-12-01 03:00:00,2024,12,1,03:00,-5.3,0.0,2024-12-01,3,0
2024-12-01 04:00:00,2024,12,1,04:00,-5.2,0.0,2024-12-01,4,15
2024-12-01 05:00:00,2024,12,1,05:00,-5.4,0.0,2024-12-01,5,1358
2024-12-01 06:00:00,2024,12,1,06:00,-5.9,0.0,2024-12-01,6,6116
2024-12-01 07:00:00,2024,12,1,07:00,-6.3,0.0,2024-12-01,7,7625
2024-12-01 08:00:00,2024,12,1,08:00,-5.5,0.0,2024-12-01,8,8209
2024-12-01 09:00:00,2024,12,1,09:00,-4.7,0.0,2024-12-01,9,7908
2024-12-01 10:00:00,2024,12,1,10:00,-3.9,0.0,2024-12-01,10,7310
2024-12-01 11:00:00,2024,12,1,11:00,-2.3,0.0,2024-12-01,11,7229
2024-12-01 12:00:00,2024,12,1,12:00,-2.1,0.0,2024-12-01,12,7214
2024-12-01 13:00:00,2024,12,1,13:00,-1.6,0.0,2024-12-01,13,7203
2024-12-01 14:00:00,2024,12,1,14:00,-1.8,0.0,2024-12-01,14,7466
2024-12-01 15:00:00,2024,12,1,15:00,-1.8,0.0,2024-12-01,15,8131
2024-12-01 16:00:00,2024,12,1,16:00,-2.1,0.0,2024-12-01,16,8261
2024-12-01 17:00:00,2024,12,1,17:00,-2.8,0.2,2024-12-01,17,8195
2024-12-01 18:00:00,2024,12,1,18:00,-3.0,1.5,2024-12-01,18,7626
2024-12-01 19:00:00,2024,12,1,19:00,-3.0,0.8,2024-12-01,19,6452
2024-12-01 20:00:00,2024,12,1,20:00,-2.9,0.8,2024-12-01,20,6404
2024-12-01 21:00:00,2024,12,1,21:00,-3.0,0.2,2024-12-01,21,6333
2024-12-01 22:00:00,2024,12,1,22:00,-2.8,0.0,2024-12-01,22,5785
2024-12-01 23:00:00,2024,12,1,23:00,-3.4,0.0,2024-12-01,23,4434
2024-12-02 00:00:00,2024,12,2,00:00,-3.0,0.0,2024-12-02,0,1162
2024-12-02 01:00:00,2024,12,2,01:00,-3.8,0.0,2024-12-02,1,7
2024-12-02 02:00:00,2024,12,2,02:00,-4.1,0.0,2024-12-02,2,0
2024-12-02 03:00:00,2024,12,2,03:00,-6.5,0.0,2024-12-02,3,0
2024-12-02 04:00:00,2024,12,2,04:00,-8.6,0.0,2024-12-02,4,15
2024-12-02 05:00:00,2024,12,2,05:00,-8.2,0.0,2024-12-02,5,1358
2024-12-02 06:00:00,2024,12,2,06:00,-5.2,0.0,2024-12-02,6,6116
2024-12-02 07:00:00,2024,12,2,07:00,-4.4,0.0,2024-12-02,7,7625
2024-12-02 08:00:00,2024,12,2,08:00,-5.9,0.0,2024-12-02,8,8209
2024-12-02 09:00:00,2024,12,2,09:00,-5.6,0.0,2024-12-02,9,7908
2024-12-02 10:00:00,2024,12,2,10:00,-3.8,0.0,2024-12-02,10,7310
2024-12-02 11:00:00,2024,12,2,11:00,-2.3,0.0,2024-12-02,11,7229
2024-12-02 12:00:00,2024,12,2,12:00,-1.6,0.0,2024-12-02,12,7214
2024-12-02 13:00:00,2024,12,2,13:00,-0.4,0.0,2024-12-02,13,7203
2024-12-02 14:00:00,2024,12,2,14:00,-0.4,0.0,2024-12-02,14,7466
2024-12-02 15:00:00,2024,12,2,15:00,-0.7,0.0,2024-12-02,15,8131
2024-12-02 16:00:00,2024,12,2,16:00,-1.1,0.0,2024-12-02,16,8261
2024-12-02 17:00:00,2024,12,2,17:00,-0.8,0.0,2024-12-02,17,8195
2024-12-02 18:00:00,2024,12,2,18:00,-1.8,0.0,2024-12-02,18,7626
2024-12-02 19:00:00,2024,12,2,19:00,-2.1,0.0,2024-12-02,19,6452
2024-12-02 20:00:00,2024,12,2,20:00,-2.9,0.0,2024-12-02,20,6404
2024-12-02 21:00:00,2024,12,2,21:00,-3.7,0.0,2024-12-02,21,6333
2024-12-02 22:00:00,2024,12,2,22:00,-4.4,0.0,2024-12-02,22,5785
2024-12-02 23:00:00,2024,12,2,23:00,-3.7,0.0,2024-12-02,23,4434
2024-12-03 00:00:00,2024,12,3,00:00,-3.2,0.0,2024-12-03,0,1162
2024-12-03 01:00:00,2024,12,3,01:00,-3.0,0.0,2024-12-03,1,7
2024-12-03 02:00:00,2024,12,3,02:00,-2.7,0.0,2024-12-03,2,0
2024-12-03 03:00:00,2024,12,3,03:00,-3.0,0.0,2024-12-03,3,0
2024-12-03 04:00:00,2024,12,3,04:00,-4.7,0.0,2024-12-03,4,15
2024-12-03 05:00:00,2024,12,3,05:00,-4.6,0.0,2024-12-03,5,1358
2024-12-03 06:00:00,2024,12,3,06:00,-5.8,0.0,2024-12-03,6,6116
2024-12-03 07:00:00,2024,12,3,07:00,-6.9,0.0,2024-12-03,7,7625
2024-12-03 08:00:00,2024,12,3,08:00,-7.7,0.0,2024-12-03,8,8209
2024-12-03 09:00:00,2024,12,3,09:00,-6.0,0.0,2024-12-03,9,7908
2024-12-03 10:00:00,2024,12,3,10:00,-4.5,0.0,2024-12-03,10,7310
2024-12-03 11:00:00,2024,12,3,11:00,-2.4,0.0,2024-12-03,11,7229
2024-12-03 12:00:00,2024,12,3,12:00,-0.9,0.0,2024-12-03,12,7214
2024-12-03 13:00:00,2024,12,3,13:00,-1.5,0.0,2024-12-03,13,7203
2024-12-03 14:00:00,2024,12,3,14:00,-1.8,0.0,2024-12-03,14,7466
2024-12-03 15:00:00,2024,12,3,15:00,-1.5,0.0,2024-12-03,15,8131
2024-12-03 16:00:00,2024,12,3,16:00,-1.9,0.0,2024-12-03,16,8261
2024-12-03 17:00:00,2024,12,3,17:00,-2.4,0.0,2024-12-03,17,8195
2024-12-03 18:00:00,2024,12,3,18:00,-2.8,0.0,2024-12-03,18,7626
2024-12-03 19:00:00,2024,12,3,19:00,-2.9,0.0,2024-12-03,19,6452
2024-12-03 20:00:00,2024,12,3,20:00,-2.7,0.0,2024-12-03,20,6404
2024-12-03 21:00:00,2024,12,3,21:00,-3.0,0.0,2024-12-03,21,6333
2024-12-03 22:00:00,2024,12,3,22:00,-3.0,0.0,2024-12-03,22,5785
2024-12-03 23:00:00,2024,12,3,23:00,-3.1,0.0,2024-12-03,23,4434
2024-12-04 00:00:00,2024,12,4,00:00,-2.8,0.0,2024-12-04,0,1162
2024-12-04 01:00:00,2024,12,4,01:00,-2.8,0.0,2024-12-04,1,7
2024-12-04 02:00:00,2024,12,4,02:00,-2.6,0.0,2024-12-04,2,0
2024-12-04 03:00:00,2024,12,4,03:00,-2.5,0.0,2024-12-04,3,0
2024-12-04 04:00:00,2024,12,4,04:00,-2.8,0.0,2024-12-04,4,15
2024-12-04 05:00:00,2024,12,4,05:00,-2.4,0.0,2024-12-04,5,1358
2024-12-04 06:00:00,2024,12,4,06:00,-2.9,0.0,2024-12-04,6,6116
2024-12-04 07:00:00,2024,12,4,07:00,-2.7,0.0,2024-12-04,7,7625
2024-12-04 08:00:00,2024,12,4,08:00,-2.5,0.0,2024-12-04,8,8209
2024-12-04 09:00:00,2024,12,4,09:00,-2.5,0.2,2024-12-04,9,7908
2024-12-04 10:00:00,2024,12,4,10:00,-2.5,0.0,2024-12-04,10,7310
2024-12-04 11:00:00,2024,12,4,11:00,-2.6,0.0,2024-12-04,11,7229
2024-12-04 12:00:00,2024,12,4,12:00,-1.8,0.2,2024-12-04,12,7214
2024-12-04 13:00:00,2024,12,4,13:00,-1.7,0.0,2024-12-04,13,7203
2024-12-04 14:00:00,2024,12,4,14:00,-1.5,0.0,2024-12-04,14,7466
2024-12-04 15:00:00,2024,12,4,15:00,-1.4,0.0,2024-12-04,15,8131
2024-12-04 16:00:00,2024,12,4,16:00,-1.1,0.0,2024-12-04,16,8261
2024-12-04 17:00:00,2024,12,4,17:00,-0.8,0.5,2024-12-04,17,8195
2024-12-04 18:00:00,2024,12,4,18:00,-0.9,0.0,2024-12-04,18,7626
2024-12-04 19:00:00,2024,12,4,19:00,-0.5,0.2,2024-12-04,19,6452
2024-12-04 20:00:00,2024,12,4,20:00,-0.1,0.2,2024-12-04,20,6404
2024-12-04 21:00:00,2024,12,4,21:00,0.1,0.0,2024-12-04,21,6333
2024-12-04 22:00:00,2024,12,4,22:00,0.1,0.0,2024-12-04,22,5785
2024-12-04 23:00:00,2024,12,4,23:00,-0.7,0.0,2024-12-04,23,4434
2024-12-05 00:00:00,2024,12,5,00:00,-0.9,0.0,2024-12-05,0,1239
2024-12-05 01:00:00,2024,12,5,01:00,-1.6,0.0,2024-12-05,1,111
2024-12-05 02:00:00,2024,12,5,02:00,-2.8,0.0,2024-12-05,2,37
2024-12-05 03:00:00,2024,12,5,03:00,-2.2,0.2,2024-12-05,3,0
2024-12-05 04:00:00,2024,12,5,04:00,-2.3,0.0,2024-12-05,4,15
2024-12-05 05:00:00,2024,12,5,05:00,-2.7,0.8,2024-12-05,5,1358
2024-12-05 06:00:00,2024,12,5,06:00,-2.2,0.5,2024-12-05,6,6116
2024-12-05 07:00:00,2024,12,5,07:00,-2.6,0.0,2024-12-05,7,7625
2024-12-05 08:00:00,2024,12,5,08:00,-2.8,0.0,2024-12-05,8,8209
2024-12-05 09:00:00,2024,12,5,09:00,-2.2,0.0,2024-12-05,9,7908
2024-12-05 10:00:00,2024,12,5,10:00,-2.4,0.0,2024-12-05,10,7310
2024-12-05 11:00:00,2024,12,5,11:00,-2.3,0.0,2024-12-05,11,7229
2024-12-05 12:00:00,2024,12,5,12:00,-2.1,0.0,2024-12-05,12,7214
2024-12-05 13:00:00,2024,12,5,13:00,-2.4,0.0,2024-12-05,13,7203
2024-12-05 14:00:00,2024,12,5,14:00,-2.9,0.0,2024-12-05,14,7466
2024-12-05 15:00:00,2024,12,5,15:00,-3.6,0.0,2024-12-05,15,8131
2024-12-05 16:00:00,2024,12,5,16:00,-3.9,0.0,2024-12-05,16,8261
2024-12-05 17:00:00,2024,12,5,17:00,-4.9,0.0,2024-12-05,17,8195
2024-12-05 18:00:00,2024,12,5,18:00,-5.5,0.0,2024-12-05,18,7626
2024-12-05 19:00:00,2024,12,5,19:00,-5.3,0.0,2024-12-05,19,6452
2024-12-05 20:00:00,2024,12,5,20:00,-5.6,0.0,2024-12-05,20,6404
2024-12-05 21:00:00,2024,12,5,21:00,-5.6,0.0,2024-12-05,21,6333
2024-12-05 22:00:00,2024,12,5,22:00,-5.8,0.0,2024-12-05,22,5785
2024-12-05 23:00:00,2024,12,5,23:00,-6.8,0.0,2024-12-05,23,4434
2024-12-06 00:00:00,2024,12,6,00:00,-8.0,0.0,2024-12-06,0,1239
2024-12-06 01:00:00,2024,12,6,01:00,-9.3,0.0,2024-12-06,1,111
2024-12-06 02:00:00,2024,12,6,02:00,-9.9,0.0,2024-12-06,2,37
2024-12-06 03:00:00,2024,12,6,03:00,-10.4,0.0,2024-12-06,3,0
2024-12-06 04:00:00,2024,12,6,04:00,-10.7,0.0,2024-12-06,4,0
2024-12-06 05:00:00,2024,12,6,05:00,-12.0,0.0,2024-12-06,5,76
2024-12-06 06:00:00,2024,12,6,06:00,-11.6,0.0,2024-12-06,6,2072
2024-12-06 07:00:00,2024,12,6,07:00,-9.0,0.0,2024-12-06,7,4854
2024-12-06 08:00:00,2024,12,6,08:00,-7.7,0.0,2024-12-06,8,5185
2024-12-06 09:00:00,2024,12,6,09:00,-7.0,0.0,2024-12-06,9,5155
2024-12-06 10:00:00,2024,12,6,10:00,-5.9,0.0,2024-12-06,10,5337
2024-12-06 11:00:00,2024,12,6,11:00,-4.2,0.0,2024-12-06,11,5347
2024-12-06 12:00:00,2024,12,6,12:00,-3.9,0.0,2024-12-06,12,5353
2024-12-06 13:00:00,2024,12,6,13:00,-3.5,0.0,2024-12-06,13,5361
2024-12-06 14:00:00,2024,12,6,14:00,-3.9,0.0,2024-12-06,14,5345
2024-12-06 15:00:00,2024,12,6,15:00,-4.3,0.0,2024-12-06,15,5351
2024-12-06 16:00:00,2024,12,6,16:00,-4.2,0.0,2024-12-06,16,5360
2024-12-06 17:00:00,2024,12,6,17:00,-4.3,0.0,2024-12-06,17,5350
2024-12-06 18:00:00,2024,12,6,18:00,-4.0,0.0,2024-12-06,18,5319
2024-12-06 19:00:00,2024,12,6,19:00,-3.8,0.0,2024-12-06,19,4639
2024-12-06 20:00:00,2024,12,6,20:00,-4.1,0.0,2024-12-06,20,4305
2024-12-06 21:00:00,2024,12,6,21:00,-4.3,0.0,2024-12-06,21,4111
2024-12-06 22:00:00,2024,12,6,22:00,-4.3,0.0,2024-12-06,22,3904
2024-12-06 23:00:00,2024,12,6,23:00,-4.0,0.0,2024-12-06,23,3420
2024-12-07 00:00:00,2024,12,7,00:00,-4.3,0.0,2024-12-07,0,1258
2024-12-07 01:00:00,2024,12,7,01:00,-4.0,0.0,2024-12-07,1,111
2024-12-07 02:00:00,2024,12,7,02:00,-4.2,0.0,2024-12-07,2,37
2024-12-07 03:00:00,2024,12,7,03:00,-3.8,0.0,2024-12-07,3,0
2024-12-07 04:00:00,2024,12,7,04:00,-3.3,0.0,2024-12-07,4,0
2024-12-07 05:00:00,2024,12,7,05:00,-3.0,0.0,2024-12-07,5,0
2024-12-07 06:00:00,2024,12,7,06:00,-2.7,0.0,2024-12-07,6,36
2024-12-07 07:00:00,2024,12,7,07:00,-2.9,0.0,2024-12-07,7,1014
2024-12-07 08:00:00,2024,12,7,08:00,-3.0,0.0,2024-12-07,8,3586
2024-12-07 09:00:00,2024,12,7,09:00,-3.3,0.0,2024-12-07,9,4388
2024-12-07 10:00:00,2024,12,7,10:00,-3.3,0.0,2024-12-07,10,4612
2024-12-07 11:00:00,2024,12,7,11:00,-3.0,0.0,2024-12-07,11,4745
2024-12-07 12:00:00,2024,12,7,12:00,-2.8,0.0,2024-12-07,12,4788
2024-12-07 13:00:00,2024,12,7,13:00,-2.8,0.0,2024-12-07,13,4799
2024-12-07 14:00:00,2024,12,7,14:00,-2.0,0.0,2024-12-07,14,4755
2024-12-07 15:00:00,2024,12,7,15:00,-1.4,0.0,2024-12-07,15,4785
2024-12-07 16:00:00,2024,12,7,16:00,-1.7,0.0,2024-12-07,16,4794
2024-12-07 17:00:00,2024,12,7,17:00,-0.2,0.0,2024-12-07,17,4770
2024-12-07 18:00:00,2024,12,7,18:00,0.5,0.0,2024-12-07,18,4626
2024-12-07 19:00:00,2024,12,7,19:00,1.1,0.0,2024-12-07,19,4042
2024-12-07 20:00:00,2024,12,7,20:00,1.2,0.0,2024-12-07,20,3818
2024-12-07 21:00:00,2024,12,7,21:00,1.3,0.0,2024-12-07,21,3649
2024-12-07 22:00:00,2024,12,7,22:00,2.4,0.0,2024-12-07,22,3524
2024-12-07 23:00:00,2024,12,7,23:00,2.8,0.0,2024-12-07,23,2841
2024-12-08 00:00:00,2024,12,8,00:00,2.8,0.0,2024-12-08,0,825
2024-12-08 01:00:00,2024,12,8,01:00,2.7,0.0,2024-12-08,1,7
2024-12-08 02:00:00,2024,12,8,02:00,2.9,0.0,2024-12-08,2,0
2024-12-08 03:00:00,2024,12,8,03:00,3.3,0.0,2024-12-08,3,0
2024-12-08 04:00:00,2024,12,8,04:00,3.2,0.0,2024-12-08,4,15
2024-12-08 05:00:00,2024,12,8,05:00,3.0,0.0,2024-12-08,5,1358
2024-12-08 06:00:00,2024,12,8,06:00,2.6,0.0,2024-12-08,6,6116
2024-12-08 07:00:00,2024,12,8,07:00,2.8,0.0,2024-12-08,7,7625
2024-12-08 08:00:00,2024,12,8,08:00,3.2,0.0,2024-12-08,8,8209
2024-12-08 09:00:00,2024,12,8,09:00,3.6,0.0,2024-12-08,9,7908
2024-12-08 10:00:00,2024,12,8,10:00,3.5,0.0,2024-12-08,10,7310
2024-12-08 11:00:00,2024,12,8,11:00,3.4,0.0,2024-12-08,11,7229
2024-12-08 12:00:00,2024,12,8,12:00,3.5,0.0,2024-12-08,12,7214
2024-12-08 13:00:00,2024,12,8,13:00,4.0,0.0,2024-12-08,13,7203
2024-12-08 14:00:00,2024,12,8,14:00,4.0,0.0,2024-12-08,14,7466
2024-12-08 15:00:00,2024,12,8,15:00,4.0,0.0,2024-12-08,15,8131
2024-12-08 16:00:00,2024,12,8,16:00,4.1,0.0,2024-12-08,16,8261
2024-12-08 17:00:00,2024,12,8,17:00,3.2,0.0,2024-12-08,17,8195
2024-12-08 18:00:00,2024,12,8,18:00,2.5,0.0,2024-12-08,18,7626
2024-12-08 19:00:00,2024,12,8,19:00,2.3,0.0,2024-12-08,19,6452
2024-12-08 20:00:00,2024,12,8,20:00,2.0,0.0,2024-12-08,20,6404
2024-12-08 21:00:00,2024,12,8,21:00,2.2,0.0,2024-12-08,21,6333
2024-12-08 22:00:00,2024,12,8,22:00,1.8,0.0,2024-12-08,22,5785
2024-12-08 23:00:00,2024,12,8,23:00,1.5,0.0,2024-12-08,23,4434
2024-12-09 00:00:00,2024,12,9,00:00,1.5,0.0,2024-12-09,0,1162
2024-12-09 01:00:00,2024,12,9,01:00,1.3,0.0,2024-12-09,1,7
2024-12-09 02:00:00,2024,12,9,02:00,1.5,0.0,2024-12-09,2,0
2024-12-09 03:00:00,2024,12,9,03:00,1.9,0.0,2024-12-09,3,0
2024-12-09 04:00:00,2024,12,9,04:00,1.8,0.0,2024-12-09,4,15
2024-12-09 05:00:00,2024,12,9,05:00,2.0,0.0,2024-12-09,5,1358
2024-12-09 06:00:00,2024,12,9,06:00,2.0,0.0,2024-12-09,6,6116
2024-12-09 07:00:00,2024,12,9,07:00,1.9,0.0,2024-12-09,7,7625
2024-12-09 08:00:00,2024,12,9,08:00,1.5,0.0,2024-12-09,8,8209
2024-12-09 09:00:00,2024,12,9,09:00,0.8,0.2,2024-12-09,9,7908
2024-12-09 10:00:00,2024,12,9,10:00,0.4,0.8,2024-12-09,10,7310
2024-12-09 11:00:00,2024,12,9,11:00,0.5,1.5,2024-12-09,11,7229
2024-12-09 12:00:00,2024,12,9,12:00,0.6,0.2,2024-12-09,12,7214
2024-12-09 13:00:00,2024,12,9,13:00,0.6,0.0,2024-12-09,13,7203
2024-12-09 14:00:00,2024,12,9,14:00,0.7,0.0,2024-12-09,14,7466
2024-12-09 15:00:00,2024,12,9,15:00,0.8,0.0,2024-12-09,15,8131
2024-12-09 16:00:00,2024,12,9,16:00,0.7,0.0,2024-12-09,16,8261
2024-12-09 17:00:00,2024,12,9,17:00,0.9,0.0,2024-12-09,17,8195
2024-12-09 18:00:00,2024,12,9,18:00,1.0,0.0,2024-12-09,18,7626
2024-12-09 19:00:00,2024,12,9,19:00,1.3,0.0,2024-12-09,19,6452
2024-12-09 20:00:00,2024,12,9,20:00,1.5,0.0,2024-12-09,20,6404
2024-12-09 21:00:00,2024,12,9,21:00,1.9,0.0,2024-12-09,21,6333
2024-12-09 22:00:00,2024,12,9,22:00,2.2,0.0,2024-12-09,22,5785
2024-12-09 23:00:00,2024,12,9,23:00,4.1,0.0,2024-12-09,23,4434
2024-12-10 00:00:00,2024,12,10,00:00,4.3,0.0,2024-12-10,0,1162
2024-12-10 01:00:00,2024,12,10,01:00,4.3,0.0,2024-12-10,1,7
2024-12-10 02:00:00,2024,12,10,02:00,3.7,0.0,2024-12-10,2,0
2024-12-10 03:00:00,2024,12,10,03:00,3.8,0.0,2024-12-10,3,0
2024-12-10 04:00:00,2024,12,10,04:00,3.6,0.0,2024-12-10,4,15
2024-12-10 05:00:00,2024,12,10,05:00,3.4,0.0,2024-12-10,5,1358
2024-12-10 06:00:00,2024,12,10,06:00,3.3,0.0,2024-12-10,6,6116
2024-12-10 07:00:00,2024,12,10,07:00,3.0,0.0,2024-12-10,7,7625
2024-12-10 08:00:00,2024,12,10,08:00,2.1,0.0,2024-12-10,8,8209
2024-12-10 09:00:00,2024,12,10,09:00,3.4,0.0,2024-12-10,9,7908
2024-12-10 10:00:00,2024,12,10,10:00,4.1,0.0,2024-12-10,10,7310
2024-12-10 11:00:00,2024,12,10,11:00,5.2,0.0,2024-12-10,11,7229
2024-12-10 12:00:00,2024,12,10,12:00,6.2,0.0,2024-12-10,12,7214
2024-12-10 13:00:00,2024,12,10,13:00,6.6,0.0,2024-12-10,13,7203
2024-12-10 14:00:00,2024,12,10,14:00,7.4,0.0,2024-12-10,14,7466
2024-12-10 15:00:00,2024,12,10,15:00,7.3,0.0,2024-12-10,15,8131
2024-12-10 16:00:00,2024,12,10,16:00,6.5,0.0,2024-12-10,16,8261
2024-12-10 17:00:00,2024,12,10,17:00,5.5,0.0,2024-12-10,17,8195
2024-12-10 18:00:00,2024,12,10,18:00,5.4,0.0,2024-12-10,18,7626
2024-12-10 19:00:00,2024,12,10,19:00,4.9,0.0,2024-12-10,19,6452
2024-12-10 20:00:00,2024,12,10,20:00,5.2,0.0,2024-12-10,20,6404
2024-12-10 21:00:00,2024,12,10,21:00,4.8,0.0,2024-12-10,21,6333
2024-12-10 22:00:00,2024,12,10,22:00,4.4,0.0,2024-12-10,22,5785
2024-12-10 23:00:00,2024,12,10,23:00,4.2,0.0,2024-12-10,23,4434
2024-12-11 00:00:00,2024,12,11,00:00,4.2,0.0,2024-12-11,0,1162
2024-12-11 01:00:00,2024,12,11,01:00,4.3,0.0,2024-12-11,1,7
2024-12-11 02:00:00,2024,12,11,02:00,3.3,0.0,2024-12-11,2,0
2024-12-11 03:00:00,2024,12,11,03:00,2.6,0.0,2024-12-11,3,0
2024-12-11 04:00:00,2024,12,11,04:00,2.2,0.0,2024-12-11,4,15
2024-12-11 05:00:00,2024,12,11,05:00,1.3,0.0,2024-12-11,5,1358
2024-12-11 06:00:00,2024,12,11,06:00,1.0,0.0,2024-12-11,6,6116
2024-12-11 07:00:00,2024,12,11,07:00,1.7,0.0,2024-12-11,7,7625
2024-12-11 08:00:00,2024,12,11,08:00,1.9,0.0,2024-12-11,8,8209
2024-12-11 09:00:00,2024,12,11,09:00,2.2,0.2,2024-12-11,9,7908
2024-12-11 10:00:00,2024,12,11,10:00,1.6,0.2,2024-12-11,10,7310
2024-12-11 11:00:00,2024,12,11,11:00,1.8,0.2,2024-12-11,11,7229
2024-12-11 12:00:00,2024,12,11,12:00,1.5,0.0,2024-12-11,12,7214
2024-12-11 13:00:00,2024,12,11,13:00,1.1,0.0,2024-12-11,13,7203
2024-12-11 14:00:00,2024,12,11,14:00,1.1,0.0,2024-12-11,14,7466
2024-12-11 15:00:00,2024,12,11,15:00,0.8,0.2,2024-12-11,15,8131
2024-12-11 16:00:00,2024,12,11,16:00,0.0,0.0,2024-12-11,16,8261
2024-12-11 17:00:00,2024,12,11,17:00,-0.5,0.0,2024-12-11,17,8195
2024-12-11 18:00:00,2024,12,11,18:00,-0.9,0.2,2024-12-11,18,7626
2024-12-11 19:00:00,2024,12,11,19:00,-1.1,0.0,2024-12-11,19,6452
2024-12-11 20:00:00,2024,12,11,20:00,-1.1,0.0,2024-12-11,20,6404
2024-12-11 21:00:00,2024,12,11,21:00,-1.3,0.0,2024-12-11,21,6333
2024-12-11 22:00:00,2024,12,11,22:00,-1.5,0.0,2024-12-11,22,5785
2024-12-11 23:00:00,2024,12,11,23:00,-2.2,0.0,2024-12-11,23,4434
2024-12-12 00:00:00,2024,12,12,00:00,-2.7,0.0,2024-12-12,0,1239
2024-12-12 01:00:00,2024,12,12,01:00,-3.4,0.0,2024-12-12,1,111
2024-12-12 02:00:00,2024,12,12,02:00,-3.6,0.0,2024-12-12,2,37
2024-12-12 03:00:00,2024,12,12,03:00,-3.7,0.0,2024-12-12,3,0
2024-12-12 04:00:00,2024,12,12,04:00,-5.4,0.0,2024-12-12,4,15
2024-12-12 05:00:00,2024,12,12,05:00,-6.6,0.0,2024-12-12,5,1358
2024-12-12 06:00:00,2024,12,12,06:00,-7.3,0.0,2024-12-12,6,6116
2024-12-12 07:00:00,2024,12,12,07:00,-8.0,0.0,2024-12-12,7,7625
2024-12-12 08:00:00,2024,12,12,08:00,-8.9,0.0,2024-12-12,8,8209
2024-12-12 09:00:00,2024,12,12,09:00,-9.5,0.0,2024-12-12,9,7908
2024-12-12 10:00:00,2024,12,12,10:00,-9.5,0.0,2024-12-12,10,7310
2024-12-12 11:00:00,2024,12,12,11:00,-9.1,0.0,2024-12-12,11,7229
2024-12-12 12:00:00,2024,12,12,12:00,-9.3,0.0,2024-12-12,12,7214
2024-12-12 13:00:00,2024,12,12,13:00,-8.0,0.0,2024-12-12,13,7203
2024-12-12 14:00:00,2024,12,12,14:00,-7.3,0.0,2024-12-12,14,7466
2024-12-12 15:00:00,2024,12,12,15:00,-6.9,0.0,2024-12-12,15,8131
2024-12-12 16:00:00,2024,12,12,16:00,-7.4,0.0,2024-12-12,16,8261
2024-12-12 17:00:00,2024,12,12,17:00,-8.1,0.0,2024-12-12,17,8195
2024-12-12 18:00:00,2024,12,12,18:00,-8.1,0.0,2024-12-12,18,7626
2024-12-12 19:00:00,2024,12,12,19:00,-8.7,0.0,2024-12-12,19,6452
2024-12-12 20:00:00,2024,12,12,20:00,-8.5,0.0,2024-12-12,20,6404
2024-12-12 21:00:00,2024,12,12,21:00,-9.1,0.0,2024-12-12,21,6333
2024-12-12 22:00:00,2024,12,12,22:00,-9.4,0.0,2024-12-12,22,5785
2024-12-12 23:00:00,2024,12,12,23:00,-9.8,0.0,2024-12-12,23,4434
2024-12-13 00:00:00,2024,12,13,00:00,-9.9,0.0,2024-12-13,0,1239
2024-12-13 01:00:00,2024,12,13,01:00,-10.0,0.0,2024-12-13,1,111
2024-12-13 02:00:00,2024,12,13,02:00,-9.9,0.0,2024-12-13,2,37
2024-12-13 03:00:00,2024,12,13,03:00,-10.2,0.0,2024-12-13,3,0
2024-12-13 04:00:00,2024,12,13,04:00,-9.8,0.0,2024-12-13,4,0
2024-12-13 05:00:00,2024,12,13,05:00,-9.6,0.0,2024-12-13,5,76
2024-12-13 06:00:00,2024,12,13,06:00,-9.4,0.0,2024-12-13,6,2072
2024-12-13 07:00:00,2024,12,13,07:00,-9.4,0.0,2024-12-13,7,4854
2024-12-13 08:00:00,2024,12,13,08:00,-9.1,0.0,2024-12-13,8,5185
2024-12-13 09:00:00,2024,12,13,09:00,-8.7,0.0,2024-12-13,9,5155
2024-12-13 10:00:00,2024,12,13,10:00,-8.1,0.0,2024-12-13,10,5337
2024-12-13 11:00:00,2024,12,13,11:00,-7.5,0.0,2024-12-13,11,5347
2024-12-13 12:00:00,2024,12,13,12:00,-7.0,0.0,2024-12-13,12,5353
2024-12-13 13:00:00,2024,12,13,13:00,-6.3,0.0,2024-12-13,13,5361
2024-12-13 14:00:00,2024,12,13,14:00,-6.3,0.0,2024-12-13,14,5345
2024-12-13 15:00:00,2024,12,13,15:00,-6.1,0.0,2024-12-13,15,5351
2024-12-13 16:00:00,2024,12,13,16:00,-6.7,0.0,2024-12-13,16,5360
2024-12-13 17:00:00,2024,12,13,17:00,-9.0,0.0,2024-12-13,17,5350
2024-12-13 18:00:00,2024,12,13,18:00,-10.4,0.0,2024-12-13,18,5319
2024-12-13 19:00:00,2024,12,13,19:00,-10.2,0.0,2024-12-13,19,4639
2024-12-13 20:00:00,2024,12,13,20:00,-11.1,0.0,2024-12-13,20,4305
2024-12-13 21:00:00,2024,12,13,21:00,-12.0,0.0,2024-12-13,21,4111
2024-12-13 22:00:00,2024,12,13,22:00,-13.6,0.0,2024-12-13,22,3904
2024-12-13 23:00:00,2024,12,13,23:00,-14.0,0.0,2024-12-13,23,3420
2024-12-14 00:00:00,2024,12,14,00:00,-14.4,0.0,2024-12-14,0,1258
2024-12-14 01:00:00,2024,12,14,01:00,-14.6,0.0,2024-12-14,1,111
2024-12-14 02:00:00,2024,12,14,02:00,-13.9,0.0,2024-12-14,2,37
2024-12-14 03:00:00,2024,12,14,03:00,-14.1,0.0,2024-12-14,3,0
2024-12-14 04:00:00,2024,12,14,04:00,-14.1,0.0,2024-12-14,4,0
2024-12-14 05:00:00,2024,12,14,05:00,-14.9,0.0,2024-12-14,5,0
2024-12-14 06:00:00,2024,12,14,06:00,-15.8,0.0,2024-12-14,6,36
2024-12-14 07:00:00,2024,12,14,07:00,-15.8,0.0,2024-12-14,7,1014
2024-12-14 08:00:00,2024,12,14,08:00,-15.1,0.0,2024-12-14,8,3586
2024-12-14 09:00:00,2024,12,14,09:00,-11.1,0.0,2024-12-14,9,4388
2024-12-14 10:00:00,2024,12,14,10:00,-6.3,0.0,2024-12-14,10,4612
2024-12-14 11:00:00,2024,12,14,11:00,-3.8,0.0,2024-12-14,11,4745
2024-12-14 12:00:00,2024,12,14,12:00,-3.2,0.0,2024-12-14,12,4788
2024-12-14 13:00:00,2024,12,14,13:00,-2.4,0.0,2024-12-14,13,4799
2024-12-14 14:00:00,2024,12,14,14:00,-1.7,0.0,2024-12-14,14,4755
2024-12-14 15:00:00,2024,12,14,15:00,-2.0,0.0,2024-12-14,15,4785
2024-12-14 16:00:00,2024,12,14,16:00,-2.5,0.0,2024-12-14,16,4794
2024-12-14 17:00:00,2024,12,14,17:00,-3.6,0.0,2024-12-14,17,4770
2024-12-14 18:00:00,2024,12,14,18:00,-3.9,0.0,2024-12-14,18,4626
2024-12-14 19:00:00,2024,12,14,19:00,-3.9,0.0,2024-12-14,19,4042
2024-12-14 20:00:00,2024,12,14,20:00,-4.1,0.0,2024-12-14,20,3818
2024-12-14 21:00:00,2024,12,14,21:00,-3.8,0.0,2024-12-14,21,3649
2024-12-14 22:00:00,2024,12,14,22:00,-3.7,0.0,2024-12-14,22,3524
2024-12-14 23:00:00,2024,12,14,23:00,-4.1,0.0,2024-12-14,23,2841
2024-12-15 00:00:00,2024,12,15,00:00,-4.2,0.0,2024-12-15,0,825
2024-12-15 01:00:00,2024,12,15,01:00,-4.3,0.0,2024-12-15,1,7
2024-12-15 02:00:00,2024,12,15,02:00,-4.4,0.0,2024-12-15,2,0
2024-12-15 03:00:00,2024,12,15,03:00,-3.9,0.0,2024-12-15,3,0
2024-12-15 04:00:00,2024,12,15,04:00,-4.1,0.0,2024-12-15,4,15
2024-12-15 05:00:00,2024,12,15,05:00,-4.0,0.0,2024-12-15,5,1358
2024-12-15 06:00:00,2024,12,15,06:00,-3.6,0.0,2024-12-15,6,6116
2024-12-15 07:00:00,2024,12,15,07:00,-3.2,0.0,2024-12-15,7,7625
2024-12-15 08:00:00,2024,12,15,08:00,-2.9,0.0,2024-12-15,8,8209
2024-12-15 09:00:00,2024,12,15,09:00,-2.5,0.0,2024-12-15,9,7908
2024-12-15 10:00:00,2024,12,15,10:00,-1.6,0.0,2024-12-15,10,7310
2024-12-15 11:00:00,2024,12,15,11:00,-0.4,0.0,2024-12-15,11,7229
2024-12-15 12:00:00,2024,12,15,12:00,0.3,0.0,2024-12-15,12,7214
2024-12-15 13:00:00,2024,12,15,13:00,0.7,0.0,2024-12-15,13,7203
2024-12-15 14:00:00,2024,12,15,14:00,0.5,0.0,2024-12-15,14,7466
2024-12-15 15:00:00,2024,12,15,15:00,-0.2,0.2,2024-12-15,15,8131
2024-12-15 16:00:00,2024,12,15,16:00,-0.5,0.5,2024-12-15,16,8261
2024-12-15 17:00:00,2024,12,15,17:00,-0.6,0.5,2024-12-15,17,8195
2024-12-15 18:00:00,2024,12,15,18:00,-0.6,1.0,2024-12-15,18,7626
2024-12-15 19:00:00,2024,12,15,19:00,-0.2,0.5,2024-12-15,19,6452
2024-12-15 20:00:00,2024,12,15,20:00,0.2,0.0,2024-12-15,20,6404
2024-12-15 21:00:00,2024,12,15,21:00,0.3,0.0,2024-12-15,21,6333
2024-12-15 22:00:00,2024,12,15,22:00,0.6,0.0,2024-12-15,22,5785
2024-12-15 23:00:00,2024,12,15,23:00,0.8,0.0,2024-12-15,23,4434
2024-12-16 00:00:00,2024,12,16,00:00,1.0,0.0,2024-12-16,0,1162
2024-12-16 01:00:00,2024,12,16,01:00,1.4,0.0,2024-12-16,1,7
2024-12-16 02:00:00,2024,12,16,02:00,1.3,0.0,2024-12-16,2,0
2024-12-16 03:00:00,2024,12,16,03:00,1.6,0.0,2024-12-16,3,0
2024-12-16 04:00:00,2024,12,16,04:00,1.5,0.0,2024-12-16,4,15
2024-12-16 05:00:00,2024,12,16,05:00,1.8,0.0,2024-12-16,5,1358
2024-12-16 06:00:00,2024,12,16,06:00,2.0,0.0,2024-12-16,6,6116
2024-12-16 07:00:00,2024,12,16,07:00,2.1,0.0,2024-12-16,7,7625
2024-12-16 08:00:00,2024,12,16,08:00,2.5,0.0,2024-12-16,8,8209
2024-12-16 09:00:00,2024,12,16,09:00,3.0,0.0,2024-12-16,9,7908
2024-12-16 10:00:00,2024,12,16,10:00,3.4,0.0,2024-12-16,10,7310
2024-12-16 11:00:00,2024,12,16,11:00,3.9,0.0,2024-12-16,11,7229
2024-12-16 12:00:00,2024,12,16,12:00,4.4,0.0,2024-12-16,12,7214
2024-12-16 13:00:00,2024,12,16,13:00,5.3,0.0,2024-12-16,13,7203
2024-12-16 14:00:00,2024,12,16,14:00,6.0,0.0,2024-12-16,14,7466
2024-12-16 15:00:00,2024,12,16,15:00,6.1,0.0,2024-12-16,15,8131
2024-12-16 16:00:00,2024,12,16,16:00,5.7,1.0,2024-12-16,16,8261
2024-12-16 17:00:00,2024,12,16,17:00,5.5,1.8,2024-12-16,17,8195
2024-12-16 18:00:00,2024,12,16,18:00,5.3,2.0,2024-12-16,18,7626
2024-12-16 19:00:00,2024,12,16,19:00,5.8,1.5,2024-12-16,19,6452
2024-12-16 20:00:00,2024,12,16,20:00,7.3,3.2,2024-12-16,20,6404
2024-12-16 21:00:00,2024,12,16,21:00,8.2,3.5,2024-12-16,21,6333
2024-12-16 22:00:00,2024,12,16,22:00,8.9,0.5,2024-12-16,22,5785
2024-12-16 23:00:00,2024,12,16,23:00,9.3,0.0,2024-12-16,23,4434
2024-12-17 00:00:00,2024,12,17,00:00,9.0,0.0,2024-12-17,0,1162
2024-12-17 01:00:00,2024,12,17,01:00,7.7,0.0,2024-12-17,1,7
2024-12-17 02:00:00,2024,12,17,02:00,6.6,0.0,2024-12-17,2,0
2024-12-17 03:00:00,2024,12,17,03:00,5.4,0.0,2024-12-17,3,0
2024-12-17 04:00:00,2024,12,17,04:00,5.2,0.0,2024-12-17,4,15
2024-12-17 05:00:00,2024,12,17,05:00,4.6,0.0,2024-12-17,5,1358
2024-12-17 06:00:00,2024,12,17,06:00,3.8,0.0,2024-12-17,6,6116
2024-12-17 07:00:00,2024,12,17,07:00,3.8,0.0,2024-12-17,7,7625
2024-12-17 08:00:00,2024,12,17,08:00,3.6,0.0,2024-12-17,8,8209
2024-12-17 09:00:00,2024,12,17,09:00,3.7,0.0,2024-12-17,9,7908
2024-12-17 10:00:00,2024,12,17,10:00,4.3,0.0,2024-12-17,10,7310
2024-12-17 11:00:00,2024,12,17,11:00,4.8,0.0,2024-12-17,11,7229
2024-12-17 12:00:00,2024,12,17,12:00,4.0,0.0,2024-12-17,12,7214
2024-12-17 13:00:00,2024,12,17,13:00,3.8,0.0,2024-12-17,13,7203
2024-12-17 14:00:00,2024,12,17,14:00,3.3,0.0,2024-12-17,14,7466
2024-12-17 15:00:00,2024,12,17,15:00,2.9,0.0,2024-12-17,15,8131
2024-12-17 16:00:00,2024,12,17,16:00,2.7,0.0,2024-12-17,16,8261
2024-12-17 17:00:00,2024,12,17,17:00,2.3,0.0,2024-12-17,17,8195
2024-12-17 18:00:00,2024,12,17,18:00,2.1,0.0,2024-12-17,18,7626
2024-12-17 19:00:00,2024,12,17,19:00,2.0,0.0,2024-12-17,19,6452
2024-12-17 20:00:00,2024,12,17,20:00,2.0,0.0,2024-12-17,20,6404
2024-12-17 21:00:00,2024,12,17,21:00,1.9,0.0,2024-12-17,21,6333
2024-12-17 22:00:00,2024,12,17,22:00,1.8,0.0,2024-12-17,22,5785
2024-12-17 23:00:00,2024,12,17,23:00,1.4,0.0,2024-12-17,23,4434
2024-12-18 00:00:00,2024,12,18,00:00,1.1,0.0,2024-12-18,0,1162
2024-12-18 01:00:00,2024,12,18,01:00,1.0,0.0,2024-12-18,1,7
2024-12-18 02:00:00,2024,12,18,02:00,1.0,0.0,2024-12-18,2,0
2024-12-18 03:00:00,2024,12,18,03:00,1.2,0.0,2024-12-18,3,0
2024-12-18 04:00:00,2024,12,18,04:00,1.2,0.0,2024-12-18,4,15
2024-12-18 05:00:00,2024,12,18,05:00,1.3,0.0,2024-12-18,5,1358
2024-12-18 06:00:00,2024,12,18,06:00,1.3,0.0,2024-12-18,6,6116
2024-12-18 07:00:00,2024,12,18,07:00,1.3,0.0,2024-12-18,7,7625
2024-12-18 08:00:00,2024,12,18,08:00,1.2,0.0,2024-12-18,8,8209
2024-12-18 09:00:00,2024,12,18,09:00,1.2,0.0,2024-12-18,9,7908
2024-12-18 10:00:00,2024,12,18,10:00,0.9,0.0,2024-12-18,10,7310
2024-12-18 11:00:00,2024,12,18,11:00,0.7,0.0,2024-12-18,11,7229
2024-12-18 12:00:00,2024,12,18,12:00,1.0,0.0,2024-12-18,12,7214
2024-12-18 13:00:00,2024,12,18,13:00,0.5,0.0,2024-12-18,13,7203
2024-12-18 14:00:00,2024,12,18,14:00,0.6,0.0,2024-12-18,14,7466
2024-12-18 15:00:00,2024,12,18,15:00,0.9,0.0,2024-12-18,15,8131
2024-12-18 16:00:00,2024,12,18,16:00,0.7,0.0,2024-12-18,16,8261
2024-12-18 17:00:00,2024,12,18,17:00,0.7,0.0,2024-12-18,17,8195
2024-12-18 18:00:00,2024,12,18,18:00,0.6,0.0,2024-12-18,18,7626
2024-12-18 19:00:00,2024,12,18,19:00,0.7,0.0,2024-12-18,19,6452
2024-12-18 20:00:00,2024,12,18,20:00,0.3,0.0,2024-12-18,20,6404
2024-12-18 21:00:00,2024,12,18,21:00,0.1,0.0,2024-12-18,21,6333
2024-12-18 22:00:00,2024,12,18,22:00,-0.1,0.0,2024-12-18,22,5785
2024-12-18 23:00:00,2024,12,18,23:00,-0.3,0.0,2024-12-18,23,4434
2024-12-19 00:00:00,2024,12,19,00:00,-0.5,0.0,2024-12-19,0,1239
2024-12-19 01:00:00,2024,12,19,01:00,-1.2,0.0,2024-12-19,1,111
2024-12-19 02:00:00,2024,12,19,02:00,-1.7,0.0,2024-12-19,2,37
2024-12-19 03:00:00,2024,12,19,03:00,-2.0,0.0,2024-12-19,3,0
2024-12-19 04:00:00,2024,12,19,04:00,-2.6,0.0,2024-12-19,4,15
2024-12-19 05:00:00,2024,12,19,05:00,-2.6,0.0,2024-12-19,5,1358
2024-12-19 06:00:00,2024,12,19,06:00,-3.3,0.0,2024-12-19,6,6116
2024-12-19 07:00:00,2024,12,19,07:00,-4.2,0.0,2024-12-19,7,7625
2024-12-19 08:00:00,2024,12,19,08:00,-3.4,0.0,2024-12-19,8,8209
2024-12-19 09:00:00,2024,12,19,09:00,-3.4,0.0,2024-12-19,9,7908
2024-12-19 10:00:00,2024,12,19,10:00,-3.3,0.0,2024-12-19,10,7310
2024-12-19 11:00:00,2024,12,19,11:00,-2.8,0.0,2024-12-19,11,7229
2024-12-19 12:00:00,2024,12,19,12:00,-2.7,0.0,2024-12-19,12,7214
2024-12-19 13:00:00,2024,12,19,13:00,-2.7,0.0,2024-12-19,13,7203
2024-12-19 14:00:00,2024,12,19,14:00,-2.4,0.0,2024-12-19,14,7466
2024-12-19 15:00:00,2024,12,19,15:00,-2.4,0.0,2024-12-19,15,8131
2024-12-19 16:00:00,2024,12,19,16:00,-2.5,0.0,2024-12-19,16,8261
2024-12-19 17:00:00,2024,12,19,17:00,-2.6,0.0,2024-12-19,17,8195
2024-12-19 18:00:00,2024,12,19,18:00,-2.9,0.0,2024-12-19,18,7626
2024-12-19 19:00:00,2024,12,19,19:00,-2.9,0.0,2024-12-19,19,6452
2024-12-19 20:00:00,2024,12,19,20:00,-3.1,0.0,2024-12-19,20,6404
2024-12-19 21:00:00,2024,12,19,21:00,-3.0,0.0,2024-12-19,21,6333
2024-12-19 22:00:00,2024,12,19,22:00,-3.0,0.0,2024-12-19,22,5785
2024-12-19 23:00:00,2024,12,19,23:00,-3.9,0.0,2024-12-19,23,4434
2024-12-20 00:00:00,2024,12,20,00:00,-4.3,0.0,2024-12-20,0,1239
2024-12-20 01:00:00,2024,12,20,01:00,-4.3,0.0,2024-12-20,1,111
2024-12-20 02:00:00,2024,12,20,02:00,-4.2,0.0,2024-12-20,2,37
2024-12-20 03:00:00,2024,12,20,03:00,-4.7,0.0,2024-12-20,3,0
2024-12-20 04:00:00,2024,12,20,04:00,-4.6,0.0,2024-12-20,4,0
2024-12-20 05:00:00,2024,12,20,05:00,-4.6,0.0,2024-12-20,5,76
2024-12-20 06:00:00,2024,12,20,06:00,-4.6,0.2,2024-12-20,6,2072
2024-12-20 07:00:00,2024,12,20,07:00,-4.6,0.0,2024-12-20,7,4854
2024-12-20 08:00:00,2024,12,20,08:00,-4.0,0.0,2024-12-20,8,5185
2024-12-20 09:00:00,2024,12,20,09:00,-3.9,0.0,2024-12-20,9,5155
2024-12-20 10:00:00,2024,12,20,10:00,-4.2,0.0,2024-12-20,10,5337
2024-12-20 11:00:00,2024,12,20,11:00,-3.8,0.0,2024-12-20,11,5347
2024-12-20 12:00:00,2024,12,20,12:00,-3.4,0.0,2024-12-20,12,5353
2024-12-20 13:00:00,2024,12,20,13:00,-3.4,0.0,2024-12-20,13,5361
2024-12-20 14:00:00,2024,12,20,14:00,-3.4,0.0,2024-12-20,14,5345
2024-12-20 15:00:00,2024,12,20,15:00,-3.4,0.0,2024-12-20,15,5351
2024-12-20 16:00:00,2024,12,20,16:00,-3.9,0.0,2024-12-20,16,5360
2024-12-20 17:00:00,2024,12,20,17:00,-4.5,0.0,2024-12-20,17,5350
2024-12-20 18:00:00,2024,12,20,18:00,-4.5,0.0,2024-12-20,18,5319
2024-12-20 19:00:00,2024,12,20,19:00,-4.7,0.0,2024-12-20,19,4639
2024-12-20 20:00:00,2024,12,20,20:00,-6.1,0.0,2024-12-20,20,4305
2024-12-20 21:00:00,2024,12,20,21:00,-5.8,0.0,2024-12-20,21,4111
2024-12-20 22:00:00,2024,12,20,22:00,-5.5,0.0,2024-12-20,22,3904
2024-12-20 23:00:00,2024,12,20,23:00,-5.8,0.0,2024-12-20,23,3420
2024-12-21 00:00:00,2024,12,21,00:00,-7.1,0.0,2024-12-21,0,1258
2024-12-21 01:00:00,2024,12,21,01:00,-8.4,0.0,2024-12-21,1,111
2024-12-21 02:00:00,2024,12,21,02:00,-9.1,0.0,2024-12-21,2,37
2024-12-21 03:00:00,2024,12,21,03:00,-9.9,0.0,2024-12-21,3,0
2024-12-21 04:00:00,2024,12,21,04:00,-10.7,0.0,2024-12-21,4,0
2024-12-21 05:00:00,2024,12,21,05:00,-11.0,0.0,2024-12-21,5,0
2024-12-21 06:00:00,2024,12,21,06:00,-11.4,0.0,2024-12-21,6,36
2024-12-21 07:00:00,2024,12,21,07:00,-10.9,0.0,2024-12-21,7,1014
2024-12-21 08:00:00,2024,12,21,08:00,-11.6,0.0,2024-12-21,8,3586
2024-12-21 09:00:00,2024,12,21,09:00,-10.5,0.0,2024-12-21,9,4388
2024-12-21 10:00:00,2024,12,21,10:00,-9.4,0.0,2024-12-21,10,4612
2024-12-21 11:00:00,2024,12,21,11:00,-8.9,0.0,2024-12-21,11,4745
2024-12-21 12:00:00,2024,12,21,12:00,-8.7,0.0,2024-12-21,12,4788
2024-12-21 13:00:00,2024,12,21,13:00,-8.9,0.0,2024-12-21,13,4799
2024-12-21 14:00:00,2024,12,21,14:00,-8.9,0.0,2024-12-21,14,4755
2024-12-21 15:00:00,2024,12,21,15:00,-9.2,0.0,2024-12-21,15,4785
2024-12-21 16:00:00,2024,12,21,16:00,-10.3,0.0,2024-12-21,16,4794
2024-12-21 17:00:00,2024,12,21,17:00,-11.9,0.0,2024-12-21,17,4770
2024-12-21 18:00:00,2024,12,21,18:00,-12.7,0.0,2024-12-21,18,4626
2024-12-21 19:00:00,2024,12,21,19:00,-13.3,0.0,2024-12-21,19,4042
2024-12-21 20:00:00,2024,12,21,20:00,-13.9,0.0,2024-12-21,20,3818
2024-12-21 21:00:00,2024,12,21,21:00,-14.3,0.0,2024-12-21,21,3649
2024-12-21 22:00:00,2024,12,21,22:00,-15.1,0.0,2024-12-21,22,3524
2024-12-21 23:00:00,2024,12,21,23:00,-15.7,0.0,2024-12-21,23,2841
2024-12-22 00:00:00,2024,12,22,00:00,-16.0,0.0,2024-12-22,0,825
2024-12-22 01:00:00,2024,12,22,01:00,-16.4,0.0,2024-12-22,1,7
2024-12-22 02:00:00,2024,12,22,02:00,-17.1,0.0,2024-12-22,2,0
2024-12-22 03:00:00,2024,12,22,03:00,-17.7,0.0,2024-12-22,3,0
2024-12-22 04:00:00,2024,12,22,04:00,-18.5,0.0,2024-12-22,4,0
2024-12-22 05:00:00,2024,12,22,05:00,-18.9,0.0,2024-12-22,5,0
2024-12-22 06:00:00,2024,12,22,06:00,-19.0,0.0,2024-12-22,6,0
2024-12-22 07:00:00,2024,12,22,07:00,-20.1,0.0,2024-12-22,7,0
2024-12-22 08:00:00,2024,12,22,08:00,-20.2,0.0,2024-12-22,8,0
2024-12-22 09:00:00,2024,12,22,09:00,-18.5,0.0,2024-12-22,9,0
2024-12-22 10:00:00,2024,12,22,10:00,-16.6,0.0,2024-12-22,10,0
2024-12-22 11:00:00,2024,12,22,11:00,-13.9,0.0,2024-12-22,11,0
2024-12-22 12:00:00,2024,12,22,12:00,-12.4,0.0,2024-12-22,12,0
2024-12-22 13:00:00,2024,12,22,13:00,-11.4,0.0,2024-12-22,13,0
2024-12-22 14:00:00,2024,12,22,14:00,-10.9,0.0,2024-12-22,14,0
2024-12-22 15:00:00,2024,12,22,15:00,-10.9,0.0,2024-12-22,15,0
2024-12-22 16:00:00,2024,12,22,16:00,-10.8,0.0,2024-12-22,16,0
2024-12-22 17:00:00,2024,12,22,17:00,-12.2,0.0,2024-12-22,17,0
2024-12-22 18:00:00,2024,12,22,18:00,-12.6,0.0,2024-12-22,18,0
2024-12-22 19:00:00,2024,12,22,19:00,-11.4,0.0,2024-12-22,19,0
2024-12-22 20:00:00,2024,12,22,20:00,-11.3,0.0,2024-12-22,20,0
2024-12-22 21:00:00,2024,12,22,21:00,-11.2,0.0,2024-12-22,21,0
2024-12-22 22:00:00,2024,12,22,22:00,-11.0,0.0,2024-12-22,22,0
2024-12-22 23:00:00,2024,12,22,23:00,-10.5,0.0,2024-12-22,23,0
